[
  {
    "path": "/mnt/data/extracted_uploads/download (5)/src/.gitignore",
    "rel": "download (5)/src/.gitignore",
    "ext": "",
    "size": 384
  },
  {
    "path": "/mnt/data/extracted_uploads/download (5)/src/next.config.mjs",
    "rel": "download (5)/src/next.config.mjs",
    "ext": ".mjs",
    "size": 142
  },
  {
    "path": "/mnt/data/extracted_uploads/download (5)/src/package.json",
    "rel": "download (5)/src/package.json",
    "ext": ".json",
    "size": 2199
  },
  {
    "path": "/mnt/data/extracted_uploads/download (5)/src/ai/genkit.ts",
    "rel": "download (5)/src/ai/genkit.ts",
    "ext": ".ts",
    "size": 606
  },
  {
    "path": "/mnt/data/extracted_uploads/download (5)/src/ai/flows/customer-support-flow.ts",
    "rel": "download (5)/src/ai/flows/customer-support-flow.ts",
    "ext": ".ts",
    "size": 492
  },
  {
    "path": "/mnt/data/extracted_uploads/download (5)/src/ai/flows/historical-result-analysis.ts",
    "rel": "download (5)/src/ai/flows/historical-result-analysis.ts",
    "ext": ".ts",
    "size": 498
  },
  {
    "path": "/mnt/data/extracted_uploads/download (5)/src/ai/flows/lucky-number-flow.ts",
    "rel": "download (5)/src/ai/flows/lucky-number-flow.ts",
    "ext": ".ts",
    "size": 678
  },
  {
    "path": "/mnt/data/extracted_uploads/download (5)/src/app/actions.ts",
    "rel": "download (5)/src/app/actions.ts",
    "ext": ".ts",
    "size": 52825
  },
  {
    "path": "/mnt/data/extracted_uploads/download (5)/src/app/ai-actions.ts",
    "rel": "download (5)/src/app/ai-actions.ts",
    "ext": ".ts",
    "size": 1439
  },
  {
    "path": "/mnt/data/extracted_uploads/download (5)/src/app/favicon.ico",
    "rel": "download (5)/src/app/favicon.ico",
    "ext": ".ico",
    "size": 15086
  },
  {
    "path": "/mnt/data/extracted_uploads/download (5)/src/app/globals.css",
    "rel": "download (5)/src/app/globals.css",
    "ext": ".css",
    "size": 1837
  },
  {
    "path": "/mnt/data/extracted_uploads/download (5)/src/app/layout.tsx",
    "rel": "download (5)/src/app/layout.tsx",
    "ext": ".tsx",
    "size": 2118
  },
  {
    "path": "/mnt/data/extracted_uploads/download (5)/src/app/loading.tsx",
    "rel": "download (5)/src/app/loading.tsx",
    "ext": ".tsx",
    "size": 554
  },
  {
    "path": "/mnt/data/extracted_uploads/download (5)/src/app/next.config.mjs",
    "rel": "download (5)/src/app/next.config.mjs",
    "ext": ".mjs",
    "size": 169
  },
  {
    "path": "/mnt/data/extracted_uploads/download (5)/src/app/page.tsx",
    "rel": "download (5)/src/app/page.tsx",
    "ext": ".tsx",
    "size": 6355
  },
  {
    "path": "/mnt/data/extracted_uploads/download (5)/src/app/about/page.tsx",
    "rel": "download (5)/src/app/about/page.tsx",
    "ext": ".tsx",
    "size": 2239
  },
  {
    "path": "/mnt/data/extracted_uploads/download (5)/src/app/admin/layout.tsx",
    "rel": "download (5)/src/app/admin/layout.tsx",
    "ext": ".tsx",
    "size": 608
  },
  {
    "path": "/mnt/data/extracted_uploads/download (5)/src/app/admin/page.tsx",
    "rel": "download (5)/src/app/admin/page.tsx",
    "ext": ".tsx",
    "size": 6465
  },
  {
    "path": "/mnt/data/extracted_uploads/download (5)/src/app/admin/_components/sidebar.tsx",
    "rel": "download (5)/src/app/admin/_components/sidebar.tsx",
    "ext": ".tsx",
    "size": 3615
  },
  {
    "path": "/mnt/data/extracted_uploads/download (5)/src/app/admin/agents/page.tsx",
    "rel": "download (5)/src/app/admin/agents/page.tsx",
    "ext": ".tsx",
    "size": 9072
  },
  {
    "path": "/mnt/data/extracted_uploads/download (5)/src/app/admin/deposits/page.tsx",
    "rel": "download (5)/src/app/admin/deposits/page.tsx",
    "ext": ".tsx",
    "size": 9773
  },
  {
    "path": "/mnt/data/extracted_uploads/download (5)/src/app/admin/results/page.tsx",
    "rel": "download (5)/src/app/admin/results/page.tsx",
    "ext": ".tsx",
    "size": 10124
  },
  {
    "path": "/mnt/data/extracted_uploads/download (5)/src/app/admin/settings/page.tsx",
    "rel": "download (5)/src/app/admin/settings/page.tsx",
    "ext": ".tsx",
    "size": 17969
  },
  {
    "path": "/mnt/data/extracted_uploads/download (5)/src/app/admin/setup/page.tsx",
    "rel": "download (5)/src/app/admin/setup/page.tsx",
    "ext": ".tsx",
    "size": 2759
  },
  {
    "path": "/mnt/data/extracted_uploads/download (5)/src/app/admin/transactions/page.tsx",
    "rel": "download (5)/src/app/admin/transactions/page.tsx",
    "ext": ".tsx",
    "size": 4404
  },
  {
    "path": "/mnt/data/extracted_uploads/download (5)/src/app/admin/users/page.tsx",
    "rel": "download (5)/src/app/admin/users/page.tsx",
    "ext": ".tsx",
    "size": 13799
  },
  {
    "path": "/mnt/data/extracted_uploads/download (5)/src/app/admin/withdrawals/page.tsx",
    "rel": "download (5)/src/app/admin/withdrawals/page.tsx",
    "ext": ".tsx",
    "size": 7067
  },
  {
    "path": "/mnt/data/extracted_uploads/download (5)/src/app/agent/layout.tsx",
    "rel": "download (5)/src/app/agent/layout.tsx",
    "ext": ".tsx",
    "size": 609
  },
  {
    "path": "/mnt/data/extracted_uploads/download (5)/src/app/agent/page.tsx",
    "rel": "download (5)/src/app/agent/page.tsx",
    "ext": ".tsx",
    "size": 4587
  },
  {
    "path": "/mnt/data/extracted_uploads/download (5)/src/app/agent/_components/sidebar.tsx",
    "rel": "download (5)/src/app/agent/_components/sidebar.tsx",
    "ext": ".tsx",
    "size": 3604
  },
  {
    "path": "/mnt/data/extracted_uploads/download (5)/src/app/agent/bets/page.tsx",
    "rel": "download (5)/src/app/agent/bets/page.tsx",
    "ext": ".tsx",
    "size": 5020
  },
  {
    "path": "/mnt/data/extracted_uploads/download (5)/src/app/agent/commission/page.tsx",
    "rel": "download (5)/src/app/agent/commission/page.tsx",
    "ext": ".tsx",
    "size": 4710
  },
  {
    "path": "/mnt/data/extracted_uploads/download (5)/src/app/agent/users/page.tsx",
    "rel": "download (5)/src/app/agent/users/page.tsx",
    "ext": ".tsx",
    "size": 8678
  },
  {
    "path": "/mnt/data/extracted_uploads/download (5)/src/app/agent/wallet/page.tsx",
    "rel": "download (5)/src/app/agent/wallet/page.tsx",
    "ext": ".tsx",
    "size": 10378
  },
  {
    "path": "/mnt/data/extracted_uploads/download (5)/src/app/api/cron/route.ts",
    "rel": "download (5)/src/app/api/cron/route.ts",
    "ext": ".ts",
    "size": 17247
  },
  {
    "path": "/mnt/data/extracted_uploads/download (5)/src/app/chart/[gameName]/page.tsx",
    "rel": "download (5)/src/app/chart/[gameName]/page.tsx",
    "ext": ".tsx",
    "size": 4932
  },
  {
    "path": "/mnt/data/extracted_uploads/download (5)/src/app/contact/page.tsx",
    "rel": "download (5)/src/app/contact/page.tsx",
    "ext": ".tsx",
    "size": 2452
  },
  {
    "path": "/mnt/data/extracted_uploads/download (5)/src/app/forgot-password/page.tsx",
    "rel": "download (5)/src/app/forgot-password/page.tsx",
    "ext": ".tsx",
    "size": 3617
  },
  {
    "path": "/mnt/data/extracted_uploads/download (5)/src/app/history/page.tsx",
    "rel": "download (5)/src/app/history/page.tsx",
    "ext": ".tsx",
    "size": 6931
  },
  {
    "path": "/mnt/data/extracted_uploads/download (5)/src/app/login/page.tsx",
    "rel": "download (5)/src/app/login/page.tsx",
    "ext": ".tsx",
    "size": 7285
  },
  {
    "path": "/mnt/data/extracted_uploads/download (5)/src/app/play/[gameName]/page.tsx",
    "rel": "download (5)/src/app/play/[gameName]/page.tsx",
    "ext": ".tsx",
    "size": 2107
  },
  {
    "path": "/mnt/data/extracted_uploads/download (5)/src/app/privacy/page.tsx",
    "rel": "download (5)/src/app/privacy/page.tsx",
    "ext": ".tsx",
    "size": 2539
  },
  {
    "path": "/mnt/data/extracted_uploads/download (5)/src/app/profile/page.tsx",
    "rel": "download (5)/src/app/profile/page.tsx",
    "ext": ".tsx",
    "size": 11123
  },
  {
    "path": "/mnt/data/extracted_uploads/download (5)/src/app/profile/change-password/page.tsx",
    "rel": "download (5)/src/app/profile/change-password/page.tsx",
    "ext": ".tsx",
    "size": 5953
  },
  {
    "path": "/mnt/data/extracted_uploads/download (5)/src/app/rates/page.tsx",
    "rel": "download (5)/src/app/rates/page.tsx",
    "ext": ".tsx",
    "size": 2770
  },
  {
    "path": "/mnt/data/extracted_uploads/download (5)/src/app/refund/page.tsx",
    "rel": "download (5)/src/app/refund/page.tsx",
    "ext": ".tsx",
    "size": 2105
  },
  {
    "path": "/mnt/data/extracted_uploads/download (5)/src/app/register/page.tsx",
    "rel": "download (5)/src/app/register/page.tsx",
    "ext": ".tsx",
    "size": 7777
  },
  {
    "path": "/mnt/data/extracted_uploads/download (5)/src/app/support/page.tsx",
    "rel": "download (5)/src/app/support/page.tsx",
    "ext": ".tsx",
    "size": 10178
  },
  {
    "path": "/mnt/data/extracted_uploads/download (5)/src/app/terms/page.tsx",
    "rel": "download (5)/src/app/terms/page.tsx",
    "ext": ".tsx",
    "size": 2338
  },
  {
    "path": "/mnt/data/extracted_uploads/download (5)/src/app/timings/page.tsx",
    "rel": "download (5)/src/app/timings/page.tsx",
    "ext": ".tsx",
    "size": 3721
  },
  {
    "path": "/mnt/data/extracted_uploads/download (5)/src/app/wallet/page.tsx",
    "rel": "download (5)/src/app/wallet/page.tsx",
    "ext": ".tsx",
    "size": 21112
  },
  {
    "path": "/mnt/data/extracted_uploads/download (5)/src/components/AuthProvider.tsx",
    "rel": "download (5)/src/components/AuthProvider.tsx",
    "ext": ".tsx",
    "size": 614
  },
  {
    "path": "/mnt/data/extracted_uploads/download (5)/src/components/GamePlay.tsx",
    "rel": "download (5)/src/components/GamePlay.tsx",
    "ext": ".tsx",
    "size": 21189
  },
  {
    "path": "/mnt/data/extracted_uploads/download (5)/src/components/Header.tsx",
    "rel": "download (5)/src/components/Header.tsx",
    "ext": ".tsx",
    "size": 6791
  },
  {
    "path": "/mnt/data/extracted_uploads/download (5)/src/components/Marquee.tsx",
    "rel": "download (5)/src/components/Marquee.tsx",
    "ext": ".tsx",
    "size": 956
  },
  {
    "path": "/mnt/data/extracted_uploads/download (5)/src/components/shared/CreateUserForm.tsx",
    "rel": "download (5)/src/components/shared/CreateUserForm.tsx",
    "ext": ".tsx",
    "size": 5842
  },
  {
    "path": "/mnt/data/extracted_uploads/download (5)/src/components/shared/UserActionsDialogs.tsx",
    "rel": "download (5)/src/components/shared/UserActionsDialogs.tsx",
    "ext": ".tsx",
    "size": 7135
  },
  {
    "path": "/mnt/data/extracted_uploads/download (5)/src/components/ui/accordion.tsx",
    "rel": "download (5)/src/components/ui/accordion.tsx",
    "ext": ".tsx",
    "size": 1991
  },
  {
    "path": "/mnt/data/extracted_uploads/download (5)/src/components/ui/alert-dialog.tsx",
    "rel": "download (5)/src/components/ui/alert-dialog.tsx",
    "ext": ".tsx",
    "size": 4434
  },
  {
    "path": "/mnt/data/extracted_uploads/download (5)/src/components/ui/alert.tsx",
    "rel": "download (5)/src/components/ui/alert.tsx",
    "ext": ".tsx",
    "size": 1584
  },
  {
    "path": "/mnt/data/extracted_uploads/download (5)/src/components/ui/avatar.tsx",
    "rel": "download (5)/src/components/ui/avatar.tsx",
    "ext": ".tsx",
    "size": 1419
  },
  {
    "path": "/mnt/data/extracted_uploads/download (5)/src/components/ui/badge.tsx",
    "rel": "download (5)/src/components/ui/badge.tsx",
    "ext": ".tsx",
    "size": 1128
  },
  {
    "path": "/mnt/data/extracted_uploads/download (5)/src/components/ui/button.tsx",
    "rel": "download (5)/src/components/ui/button.tsx",
    "ext": ".tsx",
    "size": 1836
  },
  {
    "path": "/mnt/data/extracted_uploads/download (5)/src/components/ui/calendar.tsx",
    "rel": "download (5)/src/components/ui/calendar.tsx",
    "ext": ".tsx",
    "size": 2709
  },
  {
    "path": "/mnt/data/extracted_uploads/download (5)/src/components/ui/card.tsx",
    "rel": "download (5)/src/components/ui/card.tsx",
    "ext": ".tsx",
    "size": 1858
  },
  {
    "path": "/mnt/data/extracted_uploads/download (5)/src/components/ui/carousel.tsx",
    "rel": "download (5)/src/components/ui/carousel.tsx",
    "ext": ".tsx",
    "size": 6224
  },
  {
    "path": "/mnt/data/extracted_uploads/download (5)/src/components/ui/chart.tsx",
    "rel": "download (5)/src/components/ui/chart.tsx",
    "ext": ".tsx",
    "size": 10479
  },
  {
    "path": "/mnt/data/extracted_uploads/download (5)/src/components/ui/checkbox.tsx",
    "rel": "download (5)/src/components/ui/checkbox.tsx",
    "ext": ".tsx",
    "size": 1070
  },
  {
    "path": "/mnt/data/extracted_uploads/download (5)/src/components/ui/collapsible.tsx",
    "rel": "download (5)/src/components/ui/collapsible.tsx",
    "ext": ".tsx",
    "size": 329
  },
  {
    "path": "/mnt/data/extracted_uploads/download (5)/src/components/ui/dialog.tsx",
    "rel": "download (5)/src/components/ui/dialog.tsx",
    "ext": ".tsx",
    "size": 3848
  },
  {
    "path": "/mnt/data/extracted_uploads/download (5)/src/components/ui/dropdown-menu.tsx",
    "rel": "download (5)/src/components/ui/dropdown-menu.tsx",
    "ext": ".tsx",
    "size": 7433
  },
  {
    "path": "/mnt/data/extracted_uploads/download (5)/src/components/ui/form.tsx",
    "rel": "download (5)/src/components/ui/form.tsx",
    "ext": ".tsx",
    "size": 4120
  },
  {
    "path": "/mnt/data/extracted_uploads/download (5)/src/components/ui/input.tsx",
    "rel": "download (5)/src/components/ui/input.tsx",
    "ext": ".tsx",
    "size": 824
  },
  {
    "path": "/mnt/data/extracted_uploads/download (5)/src/components/ui/label.tsx",
    "rel": "download (5)/src/components/ui/label.tsx",
    "ext": ".tsx",
    "size": 724
  },
  {
    "path": "/mnt/data/extracted_uploads/download (5)/src/components/ui/menubar.tsx",
    "rel": "download (5)/src/components/ui/menubar.tsx",
    "ext": ".tsx",
    "size": 8505
  },
  {
    "path": "/mnt/data/extracted_uploads/download (5)/src/components/ui/popover.tsx",
    "rel": "download (5)/src/components/ui/popover.tsx",
    "ext": ".tsx",
    "size": 1244
  },
  {
    "path": "/mnt/data/extracted_uploads/download (5)/src/components/ui/progress.tsx",
    "rel": "download (5)/src/components/ui/progress.tsx",
    "ext": ".tsx",
    "size": 791
  },
  {
    "path": "/mnt/data/extracted_uploads/download (5)/src/components/ui/radio-group.tsx",
    "rel": "download (5)/src/components/ui/radio-group.tsx",
    "ext": ".tsx",
    "size": 1481
  },
  {
    "path": "/mnt/data/extracted_uploads/download (5)/src/components/ui/scroll-area.tsx",
    "rel": "download (5)/src/components/ui/scroll-area.tsx",
    "ext": ".tsx",
    "size": 1656
  },
  {
    "path": "/mnt/data/extracted_uploads/download (5)/src/components/ui/select.tsx",
    "rel": "download (5)/src/components/ui/select.tsx",
    "ext": ".tsx",
    "size": 5629
  },
  {
    "path": "/mnt/data/extracted_uploads/download (5)/src/components/ui/separator.tsx",
    "rel": "download (5)/src/components/ui/separator.tsx",
    "ext": ".tsx",
    "size": 770
  },
  {
    "path": "/mnt/data/extracted_uploads/download (5)/src/components/ui/sheet.tsx",
    "rel": "download (5)/src/components/ui/sheet.tsx",
    "ext": ".tsx",
    "size": 4281
  },
  {
    "path": "/mnt/data/extracted_uploads/download (5)/src/components/ui/skeleton.tsx",
    "rel": "download (5)/src/components/ui/skeleton.tsx",
    "ext": ".tsx",
    "size": 261
  },
  {
    "path": "/mnt/data/extracted_uploads/download (5)/src/components/ui/slider.tsx",
    "rel": "download (5)/src/components/ui/slider.tsx",
    "ext": ".tsx",
    "size": 1091
  },
  {
    "path": "/mnt/data/extracted_uploads/download (5)/src/components/ui/switch.tsx",
    "rel": "download (5)/src/components/ui/switch.tsx",
    "ext": ".tsx",
    "size": 1153
  },
  {
    "path": "/mnt/data/extracted_uploads/download (5)/src/components/ui/table.tsx",
    "rel": "download (5)/src/components/ui/table.tsx",
    "ext": ".tsx",
    "size": 2765
  },
  {
    "path": "/mnt/data/extracted_uploads/download (5)/src/components/ui/tabs.tsx",
    "rel": "download (5)/src/components/ui/tabs.tsx",
    "ext": ".tsx",
    "size": 1897
  },
  {
    "path": "/mnt/data/extracted_uploads/download (5)/src/components/ui/textarea.tsx",
    "rel": "download (5)/src/components/ui/textarea.tsx",
    "ext": ".tsx",
    "size": 709
  },
  {
    "path": "/mnt/data/extracted_uploads/download (5)/src/components/ui/time-picker.tsx",
    "rel": "download (5)/src/components/ui/time-picker.tsx",
    "ext": ".tsx",
    "size": 3155
  },
  {
    "path": "/mnt/data/extracted_uploads/download (5)/src/components/ui/toast.tsx",
    "rel": "download (5)/src/components/ui/toast.tsx",
    "ext": ".tsx",
    "size": 4859
  },
  {
    "path": "/mnt/data/extracted_uploads/download (5)/src/components/ui/toaster.tsx",
    "rel": "download (5)/src/components/ui/toaster.tsx",
    "ext": ".tsx",
    "size": 786
  },
  {
    "path": "/mnt/data/extracted_uploads/download (5)/src/components/ui/tooltip.tsx",
    "rel": "download (5)/src/components/ui/tooltip.tsx",
    "ext": ".tsx",
    "size": 1159
  },
  {
    "path": "/mnt/data/extracted_uploads/download (5)/src/hooks/use-local-storage.ts",
    "rel": "download (5)/src/hooks/use-local-storage.ts",
    "ext": ".ts",
    "size": 1986
  },
  {
    "path": "/mnt/data/extracted_uploads/download (5)/src/hooks/use-mobile.tsx",
    "rel": "download (5)/src/hooks/use-mobile.tsx",
    "ext": ".tsx",
    "size": 565
  },
  {
    "path": "/mnt/data/extracted_uploads/download (5)/src/hooks/use-toast.ts",
    "rel": "download (5)/src/hooks/use-toast.ts",
    "ext": ".ts",
    "size": 3948
  },
  {
    "path": "/mnt/data/extracted_uploads/download (5)/src/lib/constants.ts",
    "rel": "download (5)/src/lib/constants.ts",
    "ext": ".ts",
    "size": 2944
  },
  {
    "path": "/mnt/data/extracted_uploads/download (5)/src/lib/firebase.ts",
    "rel": "download (5)/src/lib/firebase.ts",
    "ext": ".ts",
    "size": 1193
  },
  {
    "path": "/mnt/data/extracted_uploads/download (5)/src/lib/types.ts",
    "rel": "download (5)/src/lib/types.ts",
    "ext": ".ts",
    "size": 2629
  },
  {
    "path": "/mnt/data/extracted_uploads/download (5)/src/lib/utils.ts",
    "rel": "download (5)/src/lib/utils.ts",
    "ext": ".ts",
    "size": 166
  },
  {
    "path": "/mnt/data/extracted_uploads/download (5)/src/lib/firebase/admin.ts",
    "rel": "download (5)/src/lib/firebase/admin.ts",
    "ext": ".ts",
    "size": 770
  },
  {
    "path": "/mnt/data/extracted_uploads/download (6)/src/.gitignore",
    "rel": "download (6)/src/.gitignore",
    "ext": "",
    "size": 384
  },
  {
    "path": "/mnt/data/extracted_uploads/download (6)/src/next.config.mjs",
    "rel": "download (6)/src/next.config.mjs",
    "ext": ".mjs",
    "size": 142
  },
  {
    "path": "/mnt/data/extracted_uploads/download (6)/src/package.json",
    "rel": "download (6)/src/package.json",
    "ext": ".json",
    "size": 2199
  },
  {
    "path": "/mnt/data/extracted_uploads/download (6)/src/ai/genkit.ts",
    "rel": "download (6)/src/ai/genkit.ts",
    "ext": ".ts",
    "size": 1149
  },
  {
    "path": "/mnt/data/extracted_uploads/download (6)/src/ai/flows/historical-result-analysis.ts",
    "rel": "download (6)/src/ai/flows/historical-result-analysis.ts",
    "ext": ".ts",
    "size": 498
  },
  {
    "path": "/mnt/data/extracted_uploads/download (6)/src/ai/flows/customer-support-flow.ts",
    "rel": "download (6)/src/ai/flows/customer-support-flow.ts",
    "ext": ".ts",
    "size": 492
  },
  {
    "path": "/mnt/data/extracted_uploads/download (6)/src/ai/flows/lucky-number-flow.ts",
    "rel": "download (6)/src/ai/flows/lucky-number-flow.ts",
    "ext": ".ts",
    "size": 678
  },
  {
    "path": "/mnt/data/extracted_uploads/download (6)/src/app/actions.ts",
    "rel": "download (6)/src/app/actions.ts",
    "ext": ".ts",
    "size": 52825
  },
  {
    "path": "/mnt/data/extracted_uploads/download (6)/src/app/ai-actions.ts",
    "rel": "download (6)/src/app/ai-actions.ts",
    "ext": ".ts",
    "size": 1439
  },
  {
    "path": "/mnt/data/extracted_uploads/download (6)/src/app/favicon.ico",
    "rel": "download (6)/src/app/favicon.ico",
    "ext": ".ico",
    "size": 15086
  },
  {
    "path": "/mnt/data/extracted_uploads/download (6)/src/app/globals.css",
    "rel": "download (6)/src/app/globals.css",
    "ext": ".css",
    "size": 1837
  },
  {
    "path": "/mnt/data/extracted_uploads/download (6)/src/app/layout.tsx",
    "rel": "download (6)/src/app/layout.tsx",
    "ext": ".tsx",
    "size": 2118
  },
  {
    "path": "/mnt/data/extracted_uploads/download (6)/src/app/loading.tsx",
    "rel": "download (6)/src/app/loading.tsx",
    "ext": ".tsx",
    "size": 554
  },
  {
    "path": "/mnt/data/extracted_uploads/download (6)/src/app/next.config.mjs",
    "rel": "download (6)/src/app/next.config.mjs",
    "ext": ".mjs",
    "size": 169
  },
  {
    "path": "/mnt/data/extracted_uploads/download (6)/src/app/page.tsx",
    "rel": "download (6)/src/app/page.tsx",
    "ext": ".tsx",
    "size": 6355
  },
  {
    "path": "/mnt/data/extracted_uploads/download (6)/src/app/about/page.tsx",
    "rel": "download (6)/src/app/about/page.tsx",
    "ext": ".tsx",
    "size": 2239
  },
  {
    "path": "/mnt/data/extracted_uploads/download (6)/src/app/admin/layout.tsx",
    "rel": "download (6)/src/app/admin/layout.tsx",
    "ext": ".tsx",
    "size": 872
  },
  {
    "path": "/mnt/data/extracted_uploads/download (6)/src/app/admin/page.tsx",
    "rel": "download (6)/src/app/admin/page.tsx",
    "ext": ".tsx",
    "size": 6465
  },
  {
    "path": "/mnt/data/extracted_uploads/download (6)/src/app/admin/_components/sidebar.tsx",
    "rel": "download (6)/src/app/admin/_components/sidebar.tsx",
    "ext": ".tsx",
    "size": 3636
  },
  {
    "path": "/mnt/data/extracted_uploads/download (6)/src/app/admin/agents/page.tsx",
    "rel": "download (6)/src/app/admin/agents/page.tsx",
    "ext": ".tsx",
    "size": 9072
  },
  {
    "path": "/mnt/data/extracted_uploads/download (6)/src/app/admin/deposits/page.tsx",
    "rel": "download (6)/src/app/admin/deposits/page.tsx",
    "ext": ".tsx",
    "size": 9773
  },
  {
    "path": "/mnt/data/extracted_uploads/download (6)/src/app/admin/results/page.tsx",
    "rel": "download (6)/src/app/admin/results/page.tsx",
    "ext": ".tsx",
    "size": 10124
  },
  {
    "path": "/mnt/data/extracted_uploads/download (6)/src/app/admin/settings/page.tsx",
    "rel": "download (6)/src/app/admin/settings/page.tsx",
    "ext": ".tsx",
    "size": 17969
  },
  {
    "path": "/mnt/data/extracted_uploads/download (6)/src/app/admin/setup/page.tsx",
    "rel": "download (6)/src/app/admin/setup/page.tsx",
    "ext": ".tsx",
    "size": 2759
  },
  {
    "path": "/mnt/data/extracted_uploads/download (6)/src/app/admin/transactions/page.tsx",
    "rel": "download (6)/src/app/admin/transactions/page.tsx",
    "ext": ".tsx",
    "size": 4404
  },
  {
    "path": "/mnt/data/extracted_uploads/download (6)/src/app/admin/users/page.tsx",
    "rel": "download (6)/src/app/admin/users/page.tsx",
    "ext": ".tsx",
    "size": 13799
  },
  {
    "path": "/mnt/data/extracted_uploads/download (6)/src/app/admin/withdrawals/page.tsx",
    "rel": "download (6)/src/app/admin/withdrawals/page.tsx",
    "ext": ".tsx",
    "size": 7067
  },
  {
    "path": "/mnt/data/extracted_uploads/download (6)/src/app/agent/layout.tsx",
    "rel": "download (6)/src/app/agent/layout.tsx",
    "ext": ".tsx",
    "size": 609
  },
  {
    "path": "/mnt/data/extracted_uploads/download (6)/src/app/agent/page.tsx",
    "rel": "download (6)/src/app/agent/page.tsx",
    "ext": ".tsx",
    "size": 4587
  },
  {
    "path": "/mnt/data/extracted_uploads/download (6)/src/app/agent/_components/sidebar.tsx",
    "rel": "download (6)/src/app/agent/_components/sidebar.tsx",
    "ext": ".tsx",
    "size": 3604
  },
  {
    "path": "/mnt/data/extracted_uploads/download (6)/src/app/agent/bets/page.tsx",
    "rel": "download (6)/src/app/agent/bets/page.tsx",
    "ext": ".tsx",
    "size": 5020
  },
  {
    "path": "/mnt/data/extracted_uploads/download (6)/src/app/agent/commission/page.tsx",
    "rel": "download (6)/src/app/agent/commission/page.tsx",
    "ext": ".tsx",
    "size": 4710
  },
  {
    "path": "/mnt/data/extracted_uploads/download (6)/src/app/agent/users/page.tsx",
    "rel": "download (6)/src/app/agent/users/page.tsx",
    "ext": ".tsx",
    "size": 8678
  },
  {
    "path": "/mnt/data/extracted_uploads/download (6)/src/app/agent/wallet/page.tsx",
    "rel": "download (6)/src/app/agent/wallet/page.tsx",
    "ext": ".tsx",
    "size": 10378
  },
  {
    "path": "/mnt/data/extracted_uploads/download (6)/src/app/api/cron/route.ts",
    "rel": "download (6)/src/app/api/cron/route.ts",
    "ext": ".ts",
    "size": 17247
  },
  {
    "path": "/mnt/data/extracted_uploads/download (6)/src/app/chart/[gameName]/page.tsx",
    "rel": "download (6)/src/app/chart/[gameName]/page.tsx",
    "ext": ".tsx",
    "size": 4932
  },
  {
    "path": "/mnt/data/extracted_uploads/download (6)/src/app/contact/page.tsx",
    "rel": "download (6)/src/app/contact/page.tsx",
    "ext": ".tsx",
    "size": 2452
  },
  {
    "path": "/mnt/data/extracted_uploads/download (6)/src/app/forgot-password/page.tsx",
    "rel": "download (6)/src/app/forgot-password/page.tsx",
    "ext": ".tsx",
    "size": 3617
  },
  {
    "path": "/mnt/data/extracted_uploads/download (6)/src/app/history/page.tsx",
    "rel": "download (6)/src/app/history/page.tsx",
    "ext": ".tsx",
    "size": 6931
  },
  {
    "path": "/mnt/data/extracted_uploads/download (6)/src/app/login/page.tsx",
    "rel": "download (6)/src/app/login/page.tsx",
    "ext": ".tsx",
    "size": 7285
  },
  {
    "path": "/mnt/data/extracted_uploads/download (6)/src/app/play/[gameName]/page.tsx",
    "rel": "download (6)/src/app/play/[gameName]/page.tsx",
    "ext": ".tsx",
    "size": 2107
  },
  {
    "path": "/mnt/data/extracted_uploads/download (6)/src/app/privacy/page.tsx",
    "rel": "download (6)/src/app/privacy/page.tsx",
    "ext": ".tsx",
    "size": 2539
  },
  {
    "path": "/mnt/data/extracted_uploads/download (6)/src/app/profile/page.tsx",
    "rel": "download (6)/src/app/profile/page.tsx",
    "ext": ".tsx",
    "size": 11123
  },
  {
    "path": "/mnt/data/extracted_uploads/download (6)/src/app/profile/change-password/page.tsx",
    "rel": "download (6)/src/app/profile/change-password/page.tsx",
    "ext": ".tsx",
    "size": 5953
  },
  {
    "path": "/mnt/data/extracted_uploads/download (6)/src/app/rates/page.tsx",
    "rel": "download (6)/src/app/rates/page.tsx",
    "ext": ".tsx",
    "size": 2770
  },
  {
    "path": "/mnt/data/extracted_uploads/download (6)/src/app/refund/page.tsx",
    "rel": "download (6)/src/app/refund/page.tsx",
    "ext": ".tsx",
    "size": 2105
  },
  {
    "path": "/mnt/data/extracted_uploads/download (6)/src/app/register/page.tsx",
    "rel": "download (6)/src/app/register/page.tsx",
    "ext": ".tsx",
    "size": 7777
  },
  {
    "path": "/mnt/data/extracted_uploads/download (6)/src/app/support/page.tsx",
    "rel": "download (6)/src/app/support/page.tsx",
    "ext": ".tsx",
    "size": 10178
  },
  {
    "path": "/mnt/data/extracted_uploads/download (6)/src/app/terms/page.tsx",
    "rel": "download (6)/src/app/terms/page.tsx",
    "ext": ".tsx",
    "size": 2338
  },
  {
    "path": "/mnt/data/extracted_uploads/download (6)/src/app/timings/page.tsx",
    "rel": "download (6)/src/app/timings/page.tsx",
    "ext": ".tsx",
    "size": 3721
  },
  {
    "path": "/mnt/data/extracted_uploads/download (6)/src/app/wallet/page.tsx",
    "rel": "download (6)/src/app/wallet/page.tsx",
    "ext": ".tsx",
    "size": 21112
  },
  {
    "path": "/mnt/data/extracted_uploads/download (6)/src/components/AuthProvider.tsx",
    "rel": "download (6)/src/components/AuthProvider.tsx",
    "ext": ".tsx",
    "size": 614
  },
  {
    "path": "/mnt/data/extracted_uploads/download (6)/src/components/GamePlay.tsx",
    "rel": "download (6)/src/components/GamePlay.tsx",
    "ext": ".tsx",
    "size": 21189
  },
  {
    "path": "/mnt/data/extracted_uploads/download (6)/src/components/Header.tsx",
    "rel": "download (6)/src/components/Header.tsx",
    "ext": ".tsx",
    "size": 6791
  },
  {
    "path": "/mnt/data/extracted_uploads/download (6)/src/components/Marquee.tsx",
    "rel": "download (6)/src/components/Marquee.tsx",
    "ext": ".tsx",
    "size": 956
  },
  {
    "path": "/mnt/data/extracted_uploads/download (6)/src/components/shared/CreateUserForm.tsx",
    "rel": "download (6)/src/components/shared/CreateUserForm.tsx",
    "ext": ".tsx",
    "size": 5842
  },
  {
    "path": "/mnt/data/extracted_uploads/download (6)/src/components/shared/UserActionsDialogs.tsx",
    "rel": "download (6)/src/components/shared/UserActionsDialogs.tsx",
    "ext": ".tsx",
    "size": 7135
  },
  {
    "path": "/mnt/data/extracted_uploads/download (6)/src/components/ui/accordion.tsx",
    "rel": "download (6)/src/components/ui/accordion.tsx",
    "ext": ".tsx",
    "size": 1991
  },
  {
    "path": "/mnt/data/extracted_uploads/download (6)/src/components/ui/alert-dialog.tsx",
    "rel": "download (6)/src/components/ui/alert-dialog.tsx",
    "ext": ".tsx",
    "size": 4434
  },
  {
    "path": "/mnt/data/extracted_uploads/download (6)/src/components/ui/alert.tsx",
    "rel": "download (6)/src/components/ui/alert.tsx",
    "ext": ".tsx",
    "size": 1584
  },
  {
    "path": "/mnt/data/extracted_uploads/download (6)/src/components/ui/avatar.tsx",
    "rel": "download (6)/src/components/ui/avatar.tsx",
    "ext": ".tsx",
    "size": 1419
  },
  {
    "path": "/mnt/data/extracted_uploads/download (6)/src/components/ui/badge.tsx",
    "rel": "download (6)/src/components/ui/badge.tsx",
    "ext": ".tsx",
    "size": 1128
  },
  {
    "path": "/mnt/data/extracted_uploads/download (6)/src/components/ui/button.tsx",
    "rel": "download (6)/src/components/ui/button.tsx",
    "ext": ".tsx",
    "size": 1836
  },
  {
    "path": "/mnt/data/extracted_uploads/download (6)/src/components/ui/calendar.tsx",
    "rel": "download (6)/src/components/ui/calendar.tsx",
    "ext": ".tsx",
    "size": 2709
  },
  {
    "path": "/mnt/data/extracted_uploads/download (6)/src/components/ui/carousel.tsx",
    "rel": "download (6)/src/components/ui/carousel.tsx",
    "ext": ".tsx",
    "size": 6224
  },
  {
    "path": "/mnt/data/extracted_uploads/download (6)/src/components/ui/card.tsx",
    "rel": "download (6)/src/components/ui/card.tsx",
    "ext": ".tsx",
    "size": 1858
  },
  {
    "path": "/mnt/data/extracted_uploads/download (6)/src/components/ui/chart.tsx",
    "rel": "download (6)/src/components/ui/chart.tsx",
    "ext": ".tsx",
    "size": 10479
  },
  {
    "path": "/mnt/data/extracted_uploads/download (6)/src/components/ui/checkbox.tsx",
    "rel": "download (6)/src/components/ui/checkbox.tsx",
    "ext": ".tsx",
    "size": 1070
  },
  {
    "path": "/mnt/data/extracted_uploads/download (6)/src/components/ui/collapsible.tsx",
    "rel": "download (6)/src/components/ui/collapsible.tsx",
    "ext": ".tsx",
    "size": 329
  },
  {
    "path": "/mnt/data/extracted_uploads/download (6)/src/components/ui/dialog.tsx",
    "rel": "download (6)/src/components/ui/dialog.tsx",
    "ext": ".tsx",
    "size": 3848
  },
  {
    "path": "/mnt/data/extracted_uploads/download (6)/src/components/ui/dropdown-menu.tsx",
    "rel": "download (6)/src/components/ui/dropdown-menu.tsx",
    "ext": ".tsx",
    "size": 7433
  },
  {
    "path": "/mnt/data/extracted_uploads/download (6)/src/components/ui/form.tsx",
    "rel": "download (6)/src/components/ui/form.tsx",
    "ext": ".tsx",
    "size": 4120
  },
  {
    "path": "/mnt/data/extracted_uploads/download (6)/src/components/ui/input.tsx",
    "rel": "download (6)/src/components/ui/input.tsx",
    "ext": ".tsx",
    "size": 824
  },
  {
    "path": "/mnt/data/extracted_uploads/download (6)/src/components/ui/label.tsx",
    "rel": "download (6)/src/components/ui/label.tsx",
    "ext": ".tsx",
    "size": 724
  },
  {
    "path": "/mnt/data/extracted_uploads/download (6)/src/components/ui/menubar.tsx",
    "rel": "download (6)/src/components/ui/menubar.tsx",
    "ext": ".tsx",
    "size": 8505
  },
  {
    "path": "/mnt/data/extracted_uploads/download (6)/src/components/ui/popover.tsx",
    "rel": "download (6)/src/components/ui/popover.tsx",
    "ext": ".tsx",
    "size": 1244
  },
  {
    "path": "/mnt/data/extracted_uploads/download (6)/src/components/ui/progress.tsx",
    "rel": "download (6)/src/components/ui/progress.tsx",
    "ext": ".tsx",
    "size": 791
  },
  {
    "path": "/mnt/data/extracted_uploads/download (6)/src/components/ui/radio-group.tsx",
    "rel": "download (6)/src/components/ui/radio-group.tsx",
    "ext": ".tsx",
    "size": 1481
  },
  {
    "path": "/mnt/data/extracted_uploads/download (6)/src/components/ui/scroll-area.tsx",
    "rel": "download (6)/src/components/ui/scroll-area.tsx",
    "ext": ".tsx",
    "size": 1656
  },
  {
    "path": "/mnt/data/extracted_uploads/download (6)/src/components/ui/select.tsx",
    "rel": "download (6)/src/components/ui/select.tsx",
    "ext": ".tsx",
    "size": 5629
  },
  {
    "path": "/mnt/data/extracted_uploads/download (6)/src/components/ui/separator.tsx",
    "rel": "download (6)/src/components/ui/separator.tsx",
    "ext": ".tsx",
    "size": 770
  },
  {
    "path": "/mnt/data/extracted_uploads/download (6)/src/components/ui/sheet.tsx",
    "rel": "download (6)/src/components/ui/sheet.tsx",
    "ext": ".tsx",
    "size": 4281
  },
  {
    "path": "/mnt/data/extracted_uploads/download (6)/src/components/ui/skeleton.tsx",
    "rel": "download (6)/src/components/ui/skeleton.tsx",
    "ext": ".tsx",
    "size": 261
  },
  {
    "path": "/mnt/data/extracted_uploads/download (6)/src/components/ui/switch.tsx",
    "rel": "download (6)/src/components/ui/switch.tsx",
    "ext": ".tsx",
    "size": 1153
  },
  {
    "path": "/mnt/data/extracted_uploads/download (6)/src/components/ui/table.tsx",
    "rel": "download (6)/src/components/ui/table.tsx",
    "ext": ".tsx",
    "size": 2765
  },
  {
    "path": "/mnt/data/extracted_uploads/download (6)/src/components/ui/tabs.tsx",
    "rel": "download (6)/src/components/ui/tabs.tsx",
    "ext": ".tsx",
    "size": 1897
  },
  {
    "path": "/mnt/data/extracted_uploads/download (6)/src/components/ui/slider.tsx",
    "rel": "download (6)/src/components/ui/slider.tsx",
    "ext": ".tsx",
    "size": 1091
  },
  {
    "path": "/mnt/data/extracted_uploads/download (6)/src/components/ui/textarea.tsx",
    "rel": "download (6)/src/components/ui/textarea.tsx",
    "ext": ".tsx",
    "size": 709
  },
  {
    "path": "/mnt/data/extracted_uploads/download (6)/src/components/ui/time-picker.tsx",
    "rel": "download (6)/src/components/ui/time-picker.tsx",
    "ext": ".tsx",
    "size": 3155
  },
  {
    "path": "/mnt/data/extracted_uploads/download (6)/src/components/ui/toast.tsx",
    "rel": "download (6)/src/components/ui/toast.tsx",
    "ext": ".tsx",
    "size": 4859
  },
  {
    "path": "/mnt/data/extracted_uploads/download (6)/src/components/ui/toaster.tsx",
    "rel": "download (6)/src/components/ui/toaster.tsx",
    "ext": ".tsx",
    "size": 786
  },
  {
    "path": "/mnt/data/extracted_uploads/download (6)/src/components/ui/tooltip.tsx",
    "rel": "download (6)/src/components/ui/tooltip.tsx",
    "ext": ".tsx",
    "size": 1159
  },
  {
    "path": "/mnt/data/extracted_uploads/download (6)/src/hooks/use-local-storage.ts",
    "rel": "download (6)/src/hooks/use-local-storage.ts",
    "ext": ".ts",
    "size": 1986
  },
  {
    "path": "/mnt/data/extracted_uploads/download (6)/src/hooks/use-mobile.tsx",
    "rel": "download (6)/src/hooks/use-mobile.tsx",
    "ext": ".tsx",
    "size": 565
  },
  {
    "path": "/mnt/data/extracted_uploads/download (6)/src/hooks/use-toast.ts",
    "rel": "download (6)/src/hooks/use-toast.ts",
    "ext": ".ts",
    "size": 3948
  },
  {
    "path": "/mnt/data/extracted_uploads/download (6)/src/lib/constants.ts",
    "rel": "download (6)/src/lib/constants.ts",
    "ext": ".ts",
    "size": 2944
  },
  {
    "path": "/mnt/data/extracted_uploads/download (6)/src/lib/firebase.ts",
    "rel": "download (6)/src/lib/firebase.ts",
    "ext": ".ts",
    "size": 1193
  },
  {
    "path": "/mnt/data/extracted_uploads/download (6)/src/lib/types.ts",
    "rel": "download (6)/src/lib/types.ts",
    "ext": ".ts",
    "size": 2629
  },
  {
    "path": "/mnt/data/extracted_uploads/download (6)/src/lib/utils.ts",
    "rel": "download (6)/src/lib/utils.ts",
    "ext": ".ts",
    "size": 166
  },
  {
    "path": "/mnt/data/extracted_uploads/download (6)/src/lib/firebase/admin.ts",
    "rel": "download (6)/src/lib/firebase/admin.ts",
    "ext": ".ts",
    "size": 260
  }
]